{
  "meta": {
    "format": 3,
    "version": "7.10.6",
    "timestamp": "2025-09-28T18:29:52.854768",
    "branch_coverage": false,
    "show_contexts": false
  },
  "files": {
    "scripts/app.py": {
      "executed_lines": [
        1, 2, 3, 4, 5, 6, 8, 9, 10, 11, 12, 15, 20, 22, 23, 26, 36, 41, 44, 47,
        48, 49, 50, 51, 58, 59, 60, 61, 62, 63, 64, 65, 244, 245, 246, 247, 248,
        259, 260, 261, 262, 263, 271, 272, 273, 274, 275, 293, 294, 305, 306,
        316, 317, 328, 329, 331, 333, 334, 337, 338, 341, 342, 344, 346, 349,
        350, 352, 353, 354, 412, 413, 414, 415, 422, 423, 481
      ],
      "summary": {
        "covered_lines": 76,
        "num_statements": 230,
        "percent_covered": 33.04347826086956,
        "percent_covered_display": "33.0",
        "missing_lines": 154,
        "excluded_lines": 0
      },
      "missing_lines": [
        55, 73, 75, 76, 77, 78, 79, 81, 82, 84, 85, 91, 92, 95, 96, 97, 100,
        103, 104, 105, 108, 109, 111, 113, 114, 117, 120, 126, 128, 130, 131,
        132, 135, 138, 141, 142, 143, 144, 145, 146, 147, 148, 149, 151, 152,
        154, 156, 157, 158, 160, 161, 162, 164, 166, 167, 168, 170, 171, 174,
        177, 182, 183, 184, 189, 192, 197, 202, 205, 210, 217, 221, 223, 224,
        225, 226, 233, 234, 236, 237, 238, 239, 240, 241, 255, 256, 268, 269,
        281, 283, 284, 285, 289, 290, 296, 299, 302, 308, 310, 313, 319, 322,
        325, 339, 351, 357, 358, 359, 360, 361, 362, 364, 365, 368, 369, 370,
        374, 375, 376, 379, 380, 381, 383, 392, 393, 394, 395, 405, 406, 407,
        408, 409, 410, 437, 439, 442, 443, 446, 450, 451, 453, 455, 457, 458,
        461, 462, 463, 466, 473, 474, 475, 477, 478, 483, 484
      ],
      "excluded_lines": [],
      "functions": {
        "Ping.get": {
          "executed_lines": [],
          "summary": {
            "covered_lines": 0,
            "num_statements": 1,
            "percent_covered": 0.0,
            "percent_covered_display": "0.0",
            "missing_lines": 1,
            "excluded_lines": 0
          },
          "missing_lines": [55],
          "excluded_lines": []
        },
        "Recognize.post": {
          "executed_lines": [],
          "summary": {
            "covered_lines": 0,
            "num_statements": 82,
            "percent_covered": 0.0,
            "percent_covered_display": "0.0",
            "missing_lines": 82,
            "excluded_lines": 0
          },
          "missing_lines": [
            73, 75, 76, 77, 78, 79, 81, 82, 84, 85, 91, 92, 95, 96, 97, 100,
            103, 104, 105, 108, 109, 111, 113, 114, 117, 120, 126, 128, 130,
            131, 132, 135, 138, 141, 142, 143, 144, 145, 146, 147, 148, 149,
            151, 152, 154, 156, 157, 158, 160, 161, 162, 164, 166, 167, 168,
            170, 171, 174, 177, 182, 183, 184, 189, 192, 197, 202, 205, 210,
            217, 221, 223, 224, 225, 226, 233, 234, 236, 237, 238, 239, 240, 241
          ],
          "excluded_lines": []
        },
        "UnclassifiedFaces.get": {
          "executed_lines": [],
          "summary": {
            "covered_lines": 0,
            "num_statements": 2,
            "percent_covered": 0.0,
            "percent_covered_display": "0.0",
            "missing_lines": 2,
            "excluded_lines": 0
          },
          "missing_lines": [255, 256],
          "excluded_lines": []
        },
        "Face.get": {
          "executed_lines": [],
          "summary": {
            "covered_lines": 0,
            "num_statements": 2,
            "percent_covered": 0.0,
            "percent_covered_display": "0.0",
            "missing_lines": 2,
            "excluded_lines": 0
          },
          "missing_lines": [268, 269],
          "excluded_lines": []
        },
        "Face.patch": {
          "executed_lines": [],
          "summary": {
            "covered_lines": 0,
            "num_statements": 6,
            "percent_covered": 0.0,
            "percent_covered_display": "0.0",
            "missing_lines": 6,
            "excluded_lines": 0
          },
          "missing_lines": [281, 283, 284, 285, 289, 290],
          "excluded_lines": []
        },
        "home": {
          "executed_lines": [],
          "summary": {
            "covered_lines": 0,
            "num_statements": 3,
            "percent_covered": 0.0,
            "percent_covered_display": "0.0",
            "missing_lines": 3,
            "excluded_lines": 0
          },
          "missing_lines": [296, 299, 302],
          "excluded_lines": []
        },
        "serve_assets": {
          "executed_lines": [],
          "summary": {
            "covered_lines": 0,
            "num_statements": 3,
            "percent_covered": 0.0,
            "percent_covered_display": "0.0",
            "missing_lines": 3,
            "excluded_lines": 0
          },
          "missing_lines": [308, 310, 313],
          "excluded_lines": []
        },
        "loadSnapshot": {
          "executed_lines": [],
          "summary": {
            "covered_lines": 0,
            "num_statements": 3,
            "percent_covered": 0.0,
            "percent_covered_display": "0.0",
            "missing_lines": 3,
            "excluded_lines": 0
          },
          "missing_lines": [319, 322, 325],
          "excluded_lines": []
        },
        "debug_test_webp": {
          "executed_lines": [
            331, 333, 334, 337, 338, 341, 342, 344, 346, 349, 350, 352, 353,
            354, 412, 413, 414, 415
          ],
          "summary": {
            "covered_lines": 18,
            "num_statements": 48,
            "percent_covered": 37.5,
            "percent_covered_display": "37.5",
            "missing_lines": 30,
            "excluded_lines": 0
          },
          "missing_lines": [
            339, 351, 357, 358, 359, 360, 361, 362, 364, 365, 368, 369, 370,
            374, 375, 376, 379, 380, 381, 383, 392, 393, 394, 395, 405, 406,
            407, 408, 409, 410
          ],
          "excluded_lines": []
        },
        "serve_face_image": {
          "executed_lines": [],
          "summary": {
            "covered_lines": 0,
            "num_statements": 20,
            "percent_covered": 0.0,
            "percent_covered_display": "0.0",
            "missing_lines": 20,
            "excluded_lines": 0
          },
          "missing_lines": [
            437, 439, 442, 443, 446, 450, 451, 453, 455, 457, 458, 461, 462,
            463, 466, 473, 474, 475, 477, 478
          ],
          "excluded_lines": []
        },
        "": {
          "executed_lines": [
            1, 2, 3, 4, 5, 6, 8, 9, 10, 11, 12, 15, 20, 22, 23, 26, 36, 41, 44,
            47, 48, 49, 50, 51, 58, 59, 60, 61, 62, 63, 64, 65, 244, 245, 246,
            247, 248, 259, 260, 261, 262, 263, 271, 272, 273, 274, 275, 293,
            294, 305, 306, 316, 317, 328, 329, 422, 423, 481
          ],
          "summary": {
            "covered_lines": 58,
            "num_statements": 60,
            "percent_covered": 96.66666666666667,
            "percent_covered_display": "96.7",
            "missing_lines": 2,
            "excluded_lines": 0
          },
          "missing_lines": [483, 484],
          "excluded_lines": []
        }
      },
      "classes": {
        "Ping": {
          "executed_lines": [],
          "summary": {
            "covered_lines": 0,
            "num_statements": 1,
            "percent_covered": 0.0,
            "percent_covered_display": "0.0",
            "missing_lines": 1,
            "excluded_lines": 0
          },
          "missing_lines": [55],
          "excluded_lines": []
        },
        "Recognize": {
          "executed_lines": [],
          "summary": {
            "covered_lines": 0,
            "num_statements": 82,
            "percent_covered": 0.0,
            "percent_covered_display": "0.0",
            "missing_lines": 82,
            "excluded_lines": 0
          },